"ID","sector_empresa","genero","experiencia_empresa","estudios","valoracion_empresa_2018","valoracion_empresa_2019","valoracion_empresa_2020","Abandonar empresa","problema_trabajo","problema_relaciones","horas_extra_2018","horas_extra_2020","compentencia","autoestima","autoeficacia","ansiedad","satisfaccion","optimismo","estres","expectativas_2018","expectativas_2020"
"1",1,2,3,2,1.0,2.0,2.0,3,1,1,1,1,3.0,3.0,10.0,4.0,8.0,4.0,2,2.0,3.0
"2",1,1,4,1,2.0,2.0,2.0,2,2,1,1,1,4.0,5.0,10.0,5.0,10.0,4.0,3,3.0,4.0
"3",1,1,2,1,2.0,1.0,4.0,0,1,1,1,2,4.0,2.0,8.0,4.0,9.0,4.0,2,6.0,6.0
"4",1,1,1,1,2.0,3.0,2.0,3,1,1,1,1,5.0,3.0,8.0,5.0,8.0,2.0,2,5.0,4.0
"5",1,2,2,2,2.0,2.0,2.0,3,1,1,1,2,3.0,4.0,6.0,5.0,7.0,4.0,2,5.0,5.0
"6",1,1,2,2,2.0,1.0,2.0,2,1,1,2,1,4.0,3.0,7.0,5.0,7.0,3.0,2,2.0,3.0
"7",1,1,2,2,2.0,3.0,2.0,2,1,1,1,1,6.0,4.0,7.0,6.0,7.0,4.0,2,6.0,5.0
"8",1,1,1,3,3.0,2.0,2.0,2,2,2,1,1,5.0,5.0,7.0,5.0,7.0,3.0,2,4.0,3.0
"9",1,1,1,1,1.0,2.0,2.0,2,1,1,1,1,6.0,4.0,9.0,3.0,9.0,4.0,1,6.0,6.0
"10",1,2,2,1,2.0,1.0,2.0,3,1,1,1,1,6.0,4.0,9.0,4.0,9.0,3.0,2,5.0,5.0
"11",1,2,2,2,3.0,2.0,2.0,2,1,2,2,1,2.0,3.0,7.0,6.0,7.0,3.0,3,4.0,4.0
"12",1,1,2,1,2.0,2.0,2.0,2,1,2,1,2,4.0,4.0,8.0,6.0,8.0,4.0,2,5.0,5.0
"13",1,2,2,2,2.0,1.0,1.0,3,1,1,1,1,5.0,4.0,9.0,4.0,10.0,4.0,1,6.0,7.0
"14",1,2,3,1,1.0,3.0,2.0,2,2,1,1,1,0.0,4.0,10.0,4.0,10.0,4.0,1,3.0,5.0
"15",1,2,2,1,2.0,1.0,2.0,2,1,2,1,1,5.0,5.0,3.0,5.0,3.0,4.0,2,5.0,4.0
"16",1,2,4,2,3.0,2.0,2.0,2,2,1,2,1,5.0,4.0,7.0,7.0,7.0,2.0,3,4.0,3.0
"17",1,1,1,1,1.0,2.0,1.0,3,1,2,1,1,6.0,5.0,10.0,3.0,9.0,4.0,1,6.0,6.0
"18",1,1,2,1,2.0,1.0,1.0,3,1,2,2,2,4.0,3.0,5.0,6.0,7.0,4.0,3,5.0,6.0
"19",1,1,3,2,2.0,1.0,1.0,3,1,1,2,2,5.0,4.0,8.0,4.0,8.0,4.0,2,6.0,6.0
"20",1,2,2,2,1.0,1.0,1.0,3,1,1,1,1,6.0,3.0,10.0,3.0,10.0,4.0,1,9.0,8.0
"21",1,1,2,1,1.0,1.0,1.0,3,1,2,1,1,5.0,4.0,5.0,4.0,7.0,4.0,2,7.0,7.0
"22",1,2,1,1,1.0,1.0,2.0,3,2,2,1,1,5.0,5.0,10.0,4.0,10.0,4.0,3,9.0,8.0
"23",1,2,3,1,1.0,2.0,1.0,4,1,2,1,1,4.0,5.0,9.0,4.0,9.0,3.0,2,6.0,6.0
"24",1,1,2,2,1.0,2.0,1.0,4,1,1,1,1,5.0,4.0,8.0,4.0,7.0,4.0,1,5.0,5.0
"25",1,1,2,2,1.0,1.0,1.0,4,1,1,1,1,5.0,5.0,8.0,3.0,9.0,5.0,1,6.0,7.0
"26",1,1,2,2,2.0,1.0,2.0,3,1,2,2,1,5.0,4.0,7.0,4.0,8.0,4.0,1,5.0,5.0
"27",1,1,3,1,2.0,1.0,2.0,2,2,1,1,1,5.0,4.0,8.0,4.0,9.0,4.0,2,4.0,5.0
"28",1,2,3,2,1.0,1.0,1.0,3,1,1,2,2,5.0,4.0,9.0,4.0,9.0,4.0,1,6.0,6.0
"29",1,2,3,2,1.0,1.0,1.0,4,2,1,1,2,5.0,4.0,9.0,4.0,9.0,4.0,1,7.0,7.0
"30",1,1,2,1,2.0,1.0,1.0,4,1,1,1,1,3.0,4.0,9.0,4.0,9.0,4.0,1,4.0,5.0
"31",1,1,1,1,2.0,2.0,1.0,3,1,2,1,1,5.0,5.0,8.0,4.0,9.0,4.0,1,6.0,6.0
"32",1,1,3,1,3.0,2.0,2.0,3,2,1,1,1,5.0,4.0,4.0,6.0,7.0,2.0,3,3.0,3.0
"33",1,1,2,2,2.0,2.0,2.0,2,2,1,2,2,6.0,5.0,8.0,6.0,7.0,2.0,2,4.0,3.0
"34",1,1,3,1,2.0,2.0,1.0,3,1,1,2,2,2.0,5.0,9.0,5.0,9.0,5.0,2,3.0,5.0
"35",1,1,2,2,2.0,2.0,2.0,3,1,1,1,1,4.0,4.0,6.0,5.0,7.0,5.0,2,7.0,7.0
"36",1,2,4,1,2.0,1.0,1.0,3,2,1,2,2,5.0,3.0,10.0,5.0,8.0,4.0,2,4.0,5.0
"37",1,2,2,2,2.0,1.0,1.0,4,2,1,1,1,4.0,4.0,7.0,5.0,7.0,3.0,2,4.0,3.0
"38",1,2,2,1,1.0,1.0,2.0,3,1,1,1,2,6.0,5.0,8.0,4.0,8.0,4.0,1,6.0,6.0
"39",1,2,2,1,2.0,2.0,2.0,3,1,1,1,1,6.0,4.0,9.0,4.0,9.0,3.0,2,6.0,6.0
"40",1,2,1,2,2.0,2.0,3.0,2,2,1,2,2,6.0,5.0,8.0,5.0,8.0,3.0,2,5.0,4.0
"41",1,2,4,1,3.0,4.0,3.0,1,2,2,2,1,3.0,3.0,4.0,10.0,6.0,3.0,3,1.0,1.0
"42",1,1,2,3,2.0,1.0,2.0,3,1,1,1,1,5.0,4.0,9.0,4.0,8.0,4.0,2,6.0,6.0
"43",1,2,3,1,4.0,1.0,2.0,2,1,1,2,2,1.0,3.0,5.0,7.0,6.0,2.0,2,3.0,3.0
"44",1,2,2,1,2.0,4.0,1.0,3,2,2,1,1,2.0,4.0,7.0,6.0,7.0,2.0,3,2.0,2.0
"45",1,2,3,1,2.0,1.0,2.0,3,1,2,1,1,6.0,3.0,8.0,7.0,7.0,4.0,3,4.0,3.0
"46",1,2,3,1,2.0,1.0,1.0,3,2,1,2,2,5.0,3.0,8.0,5.0,7.0,4.0,2,6.0,6.0
"47",1,1,3,3,1.0,1.0,2.0,2,2,1,2,2,6.0,3.0,10.0,4.0,10.0,4.0,1,7.0,7.0
"48",1,2,2,1,2.0,2.0,2.0,2,1,1,1,1,6.0,4.0,10.0,5.0,10.0,4.0,2,8.0,7.0
"49",1,1,2,2,2.0,2.0,1.0,3,1,2,1,1,4.0,4.0,7.0,4.0,8.0,3.0,2,5.0,5.0
"50",1,2,2,2,3.0,1.0,2.0,3,1,2,1,2,4.0,4.0,8.0,4.0,8.0,4.0,2,7.0,7.0
"51",1,2,3,3,1.0,1.0,1.0,4,1,1,1,1,4.0,4.0,10.0,3.0,10.0,4.0,1,6.0,6.0
"52",1,2,3,2,2.0,3.0,3.0,2,1,1,1,1,6.0,3.0,6.0,5.0,7.0,4.0,3,4.0,4.0
"53",1,1,2,1,1.0,1.0,2.0,3,1,1,1,1,6.0,5.0,9.0,4.0,9.0,4.0,1,7.0,7.0
"54",1,2,4,1,3.0,3.0,3.0,1,2,1,2,2,6.0,4.0,10.0,6.0,8.0,2.0,3,5.0,4.0
"55",1,2,1,2,2.0,2.0,2.0,2,1,1,2,2,5.0,4.0,7.0,6.0,7.0,4.0,2,5.0,5.0
"56",1,1,2,1,1.0,1.0,1.0,3,1,1,1,1,6.0,4.0,9.0,3.0,9.0,3.0,1,6.0,6.0
"57",1,2,2,2,1.0,2.0,2.0,3,1,1,2,2,6.0,5.0,9.0,4.0,9.0,3.0,2,6.0,6.0
"58",1,1,2,2,3.0,3.0,2.0,3,1,1,2,2,4.0,4.0,7.0,6.0,7.0,4.0,2,4.0,4.0
"59",1,2,2,1,3.0,3.0,3.0,1,2,2,1,1,2.0,3.0,7.0,9.0,7.0,2.0,3,1.0,0.0
"60",1,2,4,1,3.0,3.0,2.0,2,1,1,2,1,5.0,4.0,10.0,7.0,9.0,3.0,2,4.0,4.0
"61",1,1,3,2,1.0,1.0,1.0,4,1,1,1,1,6.0,4.0,9.0,4.0,8.0,4.0,1,6.0,6.0
"62",1,2,3,1,1.0,2.0,2.0,2,1,1,1,1,1.0,5.0,8.0,4.0,8.0,2.0,2,5.0,5.0
"63",1,1,3,2,2.0,2.0,1.0,3,1,1,1,1,5.0,4.0,8.0,4.0,8.0,3.0,2,5.0,5.0
"64",1,1,3,3,2.0,2.0,1.0,4,2,1,1,1,5.0,3.0,8.0,5.0,8.0,4.0,3,6.0,6.0
"65",1,2,1,1,2.0,2.0,2.0,3,1,2,1,1,6.0,5.0,10.0,5.0,10.0,4.0,1,5.0,6.0
"66",1,1,2,2,2.0,1.0,2.0,2,1,1,1,1,3.0,4.0,7.0,5.0,7.0,2.0,3,2.0,2.0
"67",1,1,2,1,2.0,2.0,2.0,3,1,2,2,1,5.0,3.0,8.0,5.0,7.0,4.0,3,6.0,6.0
"68",1,2,1,1,2.0,3.0,2.0,2,1,2,1,2,6.0,4.0,8.0,5.0,7.0,2.0,2,5.0,4.0
"69",1,1,3,1,2.0,1.0,1.0,3,1,1,1,1,5.0,4.0,8.0,4.0,8.0,4.0,2,7.0,7.0
"70",1,1,2,1,1.0,1.0,1.0,3,1,2,1,1,3.0,4.0,10.0,3.0,10.0,4.0,1,6.0,7.0
"71",1,2,2,2,1.0,1.0,2.0,2,1,1,1,1,5.0,4.0,10.0,4.0,10.0,4.0,2,4.0,5.0
"72",1,2,2,2,3.0,1.0,2.0,2,1,2,1,2,3.0,4.0,8.0,6.0,7.0,4.0,2,5.0,5.0
"73",1,1,2,2,3.0,1.0,1.0,4,1,2,1,1,4.0,4.0,4.0,5.0,4.0,5.0,3,7.0,7.0
"74",1,1,3,1,4.0,1.0,2.0,2,2,2,1,1,5.0,3.0,5.0,8.0,3.0,2.0,3,5.0,3.0
"75",1,1,3,1,3.0,1.0,4.0,1,2,1,2,1,5.0,3.0,7.0,7.0,8.0,5.0,3,6.0,5.0
"76",1,2,2,1,1.0,3.0,1.0,3,2,1,2,2,5.0,4.0,7.0,5.0,9.0,4.0,2,6.0,6.0
"77",1,1,2,3,1.0,1.0,2.0,2,1,2,2,2,6.0,5.0,8.0,5.0,10.0,4.0,2,7.0,7.0
"78",1,2,3,1,3.0,2.0,3.0,2,2,1,2,1,2.0,4.0,5.0,7.0,5.0,4.0,3,4.0,3.0
"79",1,2,2,2,2.0,2.0,2.0,2,2,1,2,1,6.0,3.0,9.0,5.0,9.0,3.0,3,6.0,6.0
"80",1,1,3,2,1.0,1.0,1.0,3,1,1,1,1,6.0,3.0,9.0,4.0,9.0,4.0,1,7.0,7.0
"81",1,1,3,2,2.0,1.0,2.0,3,2,2,2,1,4.0,4.0,7.0,6.0,8.0,2.0,3,0.0,1.0
"82",1,1,3,1,2.0,2.0,2.0,3,2,1,2,2,6.0,3.0,9.0,4.0,9.0,4.0,1,8.0,7.0
"83",1,1,3,2,3.0,4.0,4.0,0,2,1,1,2,1.0,3.0,8.0,10.0,8.0,3.0,3,2.0,3.0
"84",1,2,2,1,2.0,1.0,2.0,2,2,2,1,1,5.0,4.0,7.0,6.0,7.0,3.0,2,5.0,4.0
"85",1,1,1,1,1.0,1.0,1.0,4,1,1,1,1,5.0,4.0,8.0,4.0,7.0,4.0,2,5.0,5.0
"86",1,2,1,1,2.0,2.0,2.0,2,2,1,2,1,4.0,5.0,8.0,5.0,7.0,4.0,2,3.0,4.0
"87",1,1,2,1,2.0,3.0,4.0,1,2,1,2,2,5.0,3.0,6.0,6.0,7.0,4.0,2,5.0,4.0
"88",1,2,2,3,2.0,2.0,2.0,2,2,1,2,1,4.0,3.0,8.0,5.0,7.0,2.0,2,3.0,3.0
"89",1,2,1,1,2.0,2.0,3.0,1,1,1,1,2,5.0,3.0,6.0,6.0,7.0,4.0,2,2.0,2.0
"90",1,2,2,1,1.0,1.0,1.0,3,1,2,1,1,5.0,3.0,10.0,4.0,10.0,3.0,2,5.0,6.0
"91",1,1,3,1,1.0,3.0,3.0,2,1,1,1,1,6.0,2.0,8.0,6.0,8.0,3.0,3,3.0,3.0
"92",1,2,2,1,4.0,4.0,3.0,2,1,2,1,1,3.0,4.0,7.0,9.0,6.0,3.0,3,0.0,0.0
"93",1,2,1,1,1.0,3.0,2.0,3,1,2,1,1,6.0,4.0,9.0,4.0,9.0,2.0,1,6.0,5.0
"94",1,2,3,1,1.0,1.0,3.0,1,1,2,1,1,3.0,4.0,8.0,4.0,8.0,4.0,2,7.0,6.0
"95",1,2,4,1,2.0,1.0,2.0,3,1,2,1,1,6.0,4.0,8.0,5.0,8.0,3.0,2,6.0,5.0
"96",1,2,4,1,3.0,3.0,3.0,2,2,2,1,1,1.0,4.0,9.0,7.0,7.0,4.0,3,2.0,3.0
"97",1,1,3,2,2.0,2.0,1.0,4,1,1,1,1,5.0,5.0,7.0,5.0,7.0,4.0,2,3.0,4.0
"98",1,1,1,1,1.0,1.0,1.0,4,1,1,1,1,5.0,5.0,9.0,3.0,9.0,4.0,1,6.0,7.0
"99",1,2,2,2,3.0,3.0,2.0,3,1,1,2,2,5.0,3.0,8.0,5.0,8.0,4.0,3,2.0,3.0
"100",1,1,2,2,1.0,2.0,2.0,2,1,1,1,1,6.0,4.0,9.0,3.0,9.0,5.0,1,7.0,7.0
"101",1,2,4,1,1.0,2.0,3.0,1,1,1,2,2,3.0,5.0,9.0,4.0,9.0,5.0,1,6.0,7.0
"102",1,1,1,1,3.0,1.0,3.0,1,1,2,2,2,5.0,4.0,7.0,8.0,5.0,3.0,3,2.0,2.0
"103",1,1,3,2,2.0,1.0,2.0,2,1,1,2,2,5.0,4.0,8.0,4.0,8.0,4.0,2,5.0,5.0
"104",1,1,2,1,2.0,1.0,1.0,3,1,2,1,1,3.0,4.0,7.0,5.0,7.0,2.0,3,4.0,4.0
"105",1,2,2,2,2.0,1.0,2.0,2,2,1,2,1,2.0,4.0,4.0,5.0,5.0,4.0,2,6.0,5.0
"106",1,1,2,3,2.0,2.0,2.0,3,2,1,2,2,5.0,3.0,9.0,4.0,9.0,4.0,1,4.0,5.0
"107",1,2,2,1,1.0,1.0,2.0,2,1,1,1,1,5.0,4.0,8.0,3.0,8.0,4.0,1,6.0,6.0
"108",1,2,2,2,3.0,3.0,3.0,2,2,1,1,2,5.0,4.0,7.0,8.0,7.0,2.0,3,2.0,1.0
"109",1,2,4,1,1.0,2.0,2.0,3,1,1,2,2,6.0,4.0,8.0,5.0,7.0,3.0,2,6.0,5.0
"110",1,1,3,1,1.0,1.0,1.0,4,1,1,1,1,5.0,4.0,8.0,4.0,9.0,5.0,2,9.0,9.0
"111",1,2,4,1,2.0,3.0,4.0,0,2,1,1,1,5.0,4.0,10.0,6.0,10.0,4.0,2,5.0,5.0
"112",1,2,4,1,2.0,2.0,2.0,2,1,2,1,2,6.0,4.0,9.0,5.0,7.0,4.0,2,6.0,6.0
"113",1,1,3,2,2.0,4.0,1.0,4,1,1,1,1,6.0,3.0,9.0,6.0,9.0,5.0,2,6.0,7.0
"114",1,1,2,2,1.0,1.0,2.0,3,1,1,1,1,6.0,4.0,9.0,3.0,9.0,4.0,1,7.0,7.0
"115",1,2,2,1,2.0,1.0,3.0,1,2,1,1,2,1.0,3.0,8.0,6.0,8.0,4.0,2,1.0,3.0
"116",1,1,1,1,2.0,2.0,1.0,4,1,1,2,2,5.0,4.0,7.0,5.0,7.0,3.0,2,1.0,3.0
"117",1,2,3,2,2.0,2.0,3.0,1,2,2,2,2,6.0,4.0,8.0,6.0,8.0,3.0,3,5.0,3.0
"118",1,1,2,2,1.0,2.0,2.0,2,1,1,2,1,4.0,5.0,9.0,4.0,9.0,4.0,1,6.0,6.0
"119",1,2,4,1,2.0,1.0,1.0,3,1,1,1,1,5.0,4.0,8.0,4.0,8.0,4.0,1,7.0,7.0
"120",1,2,2,2,2.0,2.0,2.0,2,1,2,1,1,4.0,3.0,8.0,5.0,7.0,3.0,3,4.0,4.0
"121",1,2,3,1,1.0,4.0,3.0,2,1,1,2,2,6.0,4.0,7.0,6.0,7.0,4.0,3,4.0,4.0
"122",1,1,3,1,2.0,3.0,1.0,3,1,1,1,1,4.0,3.0,7.0,4.0,7.0,4.0,2,6.0,6.0
"123",1,2,3,1,2.0,2.0,2.0,2,2,2,1,1,6.0,4.0,7.0,5.0,8.0,4.0,2,6.0,6.0
"124",1,2,1,1,1.0,3.0,1.0,3,1,2,1,1,5.0,4.0,8.0,5.0,8.0,4.0,2,6.0,6.0
"125",1,1,2,3,2.0,1.0,1.0,4,1,1,1,1,6.0,4.0,9.0,4.0,9.0,4.0,2,6.0,7.0
"126",1,1,2,2,3.0,2.0,1.0,3,2,2,2,2,4.0,4.0,7.0,7.0,7.0,5.0,1,5.0,5.0
"127",1,2,2,2,2.0,2.0,1.0,3,1,1,1,1,5.0,5.0,8.0,4.0,8.0,4.0,1,5.0,5.0
"128",1,1,2,1,2.0,1.0,2.0,2,1,2,1,1,5.0,3.0,7.0,5.0,7.0,5.0,2,6.0,5.0
"129",1,1,2,1,2.0,1.0,2.0,3,1,1,1,1,5.0,4.0,9.0,4.0,8.0,4.0,1,6.0,6.0
"130",1,1,2,2,2.0,1.0,2.0,3,1,1,1,1,5.0,4.0,10.0,4.0,9.0,3.0,2,5.0,5.0
"131",1,2,1,1,2.0,3.0,2.0,3,2,1,1,1,5.0,4.0,8.0,5.0,9.0,4.0,2,6.0,6.0
"132",1,2,3,1,2.0,3.0,2.0,3,2,1,1,1,5.0,2.0,8.0,5.0,8.0,4.0,2,5.0,5.0
"133",1,2,1,1,2.0,2.0,2.0,2,1,2,1,1,5.0,5.0,8.0,4.0,8.0,4.0,1,4.0,5.0
"134",1,2,3,1,3.0,1.0,1.0,4,2,1,2,2,6.0,5.0,9.0,7.0,9.0,5.0,2,7.0,7.0
"135",1,1,2,1,1.0,1.0,1.0,3,1,1,2,2,2.0,4.0,9.0,3.0,8.0,4.0,1,7.0,7.0
"136",1,1,2,3,4.0,2.0,2.0,2,2,1,1,2,3.0,4.0,5.0,7.0,5.0,3.0,3,3.0,3.0
"137",1,1,3,1,2.0,3.0,2.0,2,1,1,1,1,6.0,2.0,5.0,6.0,9.0,4.0,3,2.0,3.0
"138",1,2,4,1,2.0,2.0,1.0,3,1,1,1,1,6.0,3.0,9.0,4.0,9.0,3.0,1,6.0,6.0
"139",1,2,4,1,3.0,1.0,2.0,2,2,2,2,2,4.0,4.0,7.0,7.0,7.0,3.0,3,3.0,2.0
"140",1,1,3,1,2.0,1.0,1.0,4,1,1,1,1,4.0,5.0,8.0,4.0,9.0,2.0,3,6.0,5.0
"141",1,1,1,1,2.0,1.0,2.0,3,1,2,2,2,6.0,4.0,9.0,5.0,8.0,4.0,3,6.0,6.0
"142",1,2,2,2,1.0,1.0,1.0,4,1,1,1,1,6.0,4.0,9.0,3.0,8.0,4.0,1,9.0,8.0
"143",1,1,2,2,2.0,4.0,4.0,1,2,2,1,1,5.0,3.0,5.0,6.0,7.0,2.0,3,4.0,3.0
"144",1,1,2,3,1.0,1.0,1.0,4,1,1,1,1,4.0,5.0,9.0,3.0,10.0,4.0,1,9.0,8.0
"145",1,2,4,1,1.0,1.0,2.0,2,1,1,1,1,5.0,5.0,7.0,4.0,8.0,4.0,2,6.0,6.0
"146",1,2,2,1,1.0,2.0,2.0,3,1,2,1,1,4.0,4.0,8.0,4.0,9.0,5.0,1,7.0,7.0
"147",1,2,3,1,2.0,1.0,1.0,3,1,2,2,1,5.0,4.0,8.0,5.0,8.0,5.0,2,7.0,7.0
"148",1,1,1,1,2.0,2.0,1.0,4,2,2,2,2,4.0,4.0,9.0,5.0,9.0,4.0,2,6.0,6.0
"149",1,2,1,1,1.0,3.0,1.0,4,2,2,1,1,6.0,5.0,9.0,4.0,10.0,2.0,1,6.0,5.0
"150",1,2,3,1,1.0,2.0,2.0,3,1,1,1,1,5.0,4.0,6.0,4.0,7.0,5.0,1,6.0,6.0
"151",1,1,2,2,2.0,2.0,1.0,4,2,1,1,1,6.0,5.0,8.0,5.0,8.0,4.0,2,5.0,5.0
"152",1,1,4,1,3.0,3.0,2.0,3,2,2,1,1,5.0,4.0,9.0,7.0,9.0,2.0,3,4.0,3.0
"153",1,1,2,2,2.0,3.0,4.0,1,1,2,2,2,2.0,4.0,7.0,6.0,7.0,3.0,3,1.0,2.0
"154",1,2,2,2,1.0,3.0,2.0,3,1,1,1,2,5.0,4.0,9.0,4.0,9.0,4.0,2,6.0,6.0
"155",1,2,4,1,2.0,1.0,1.0,4,1,2,1,1,4.0,4.0,8.0,4.0,8.0,3.0,2,6.0,6.0
"156",1,1,2,1,2.0,2.0,2.0,3,1,2,1,1,5.0,4.0,9.0,4.0,9.0,4.0,2,6.0,6.0
"157",1,1,2,2,2.0,1.0,2.0,2,1,2,2,1,5.0,4.0,8.0,4.0,8.0,4.0,2,6.0,6.0
"158",1,2,4,1,3.0,2.0,4.0,1,2,2,1,1,5.0,3.0,8.0,8.0,3.0,4.0,2,4.0,3.0
"159",1,1,3,1,2.0,2.0,2.0,2,1,1,1,1,4.0,3.0,8.0,4.0,8.0,4.0,2,5.0,5.0
"160",1,1,2,1,1.0,1.0,1.0,3,1,2,1,1,5.0,5.0,8.0,3.0,8.0,4.0,1,6.0,7.0
"161",1,2,1,1,2.0,2.0,1.0,3,1,1,2,2,6.0,4.0,8.0,5.0,8.0,4.0,2,4.0,4.0
"162",1,2,2,1,1.0,2.0,2.0,3,1,1,1,2,6.0,4.0,9.0,4.0,9.0,5.0,1,9.0,9.0
"163",1,2,2,3,2.0,3.0,1.0,3,1,2,1,1,4.0,4.0,7.0,8.0,7.0,3.0,3,4.0,4.0
"164",1,1,2,2,2.0,3.0,2.0,3,2,2,1,1,6.0,4.0,8.0,5.0,8.0,5.0,2,6.0,6.0
"165",1,1,3,1,3.0,3.0,3.0,1,2,2,1,1,4.0,3.0,7.0,9.0,6.0,2.0,3,0.0,0.0
"166",1,1,3,1,2.0,2.0,2.0,2,1,2,2,2,6.0,4.0,9.0,6.0,9.0,4.0,2,4.0,5.0
"167",1,1,3,1,1.0,1.0,1.0,3,1,1,1,1,3.0,3.0,6.0,4.0,6.0,3.0,2,3.0,3.0
"168",1,2,4,2,2.0,3.0,2.0,3,1,1,2,2,5.0,4.0,9.0,5.0,9.0,4.0,2,6.0,6.0
"169",1,1,2,1,2.0,2.0,2.0,3,1,1,2,2,4.0,5.0,8.0,6.0,8.0,2.0,2,2.0,2.0
"170",1,2,2,2,2.0,2.0,2.0,3,1,1,2,2,6.0,4.0,8.0,4.0,9.0,4.0,2,5.0,5.0
"171",1,2,2,2,2.0,1.0,1.0,3,1,1,1,1,5.0,4.0,9.0,4.0,8.0,4.0,1,5.0,5.0
"172",1,2,1,1,3.0,2.0,3.0,1,2,1,2,1,6.0,4.0,6.0,6.0,7.0,2.0,2,4.0,2.0
"173",1,1,1,1,2.0,2.0,2.0,2,2,2,1,2,5.0,4.0,6.0,6.0,7.0,4.0,2,5.0,5.0
"174",1,2,1,1,2.0,1.0,1.0,3,1,1,2,2,5.0,4.0,9.0,4.0,9.0,5.0,2,6.0,7.0
"175",1,1,2,1,2.0,1.0,2.0,2,1,2,1,2,6.0,3.0,9.0,4.0,7.0,5.0,1,8.0,8.0
"176",1,1,3,2,2.0,2.0,2.0,3,1,2,2,2,5.0,4.0,9.0,5.0,9.0,3.0,2,4.0,3.0
"177",1,1,3,1,2.0,1.0,3.0,2,2,1,2,2,4.0,3.0,7.0,5.0,9.0,4.0,2,2.0,3.0
"178",1,1,2,2,1.0,2.0,1.0,4,1,1,1,1,4.0,4.0,9.0,4.0,9.0,4.0,2,6.0,6.0
"179",1,2,1,2,1.0,2.0,1.0,3,2,1,1,1,6.0,4.0,8.0,4.0,8.0,4.0,2,6.0,6.0
"180",1,2,1,2,2.0,3.0,3.0,1,1,1,2,2,5.0,4.0,7.0,6.0,7.0,3.0,3,5.0,4.0
"181",1,2,3,1,2.0,1.0,1.0,3,1,1,1,1,4.0,4.0,8.0,4.0,8.0,4.0,1,6.0,6.0
"182",1,1,4,1,1.0,2.0,2.0,3,1,1,1,1,6.0,4.0,8.0,3.0,9.0,4.0,1,7.0,7.0
"183",1,1,3,3,1.0,1.0,1.0,3,1,1,1,1,6.0,4.0,7.0,3.0,7.0,4.0,1,7.0,6.0
"184",1,2,2,1,2.0,2.0,2.0,3,2,1,1,1,6.0,4.0,10.0,5.0,8.0,4.0,1,6.0,6.0
"185",1,2,2,2,2.0,3.0,4.0,1,2,1,1,1,4.0,4.0,7.0,5.0,7.0,4.0,3,5.0,5.0
"186",1,2,2,1,2.0,2.0,2.0,3,1,1,1,1,5.0,3.0,8.0,5.0,8.0,3.0,2,5.0,4.0
"187",1,2,4,1,2.0,1.0,2.0,2,1,1,1,1,4.0,4.0,9.0,4.0,9.0,4.0,2,4.0,5.0
"188",1,2,2,1,3.0,3.0,4.0,1,2,1,1,1,4.0,4.0,5.0,8.0,5.0,1.0,3,2.0,1.0
"189",1,2,2,2,1.0,1.0,1.0,4,1,1,2,2,5.0,5.0,8.0,4.0,9.0,4.0,1,6.0,7.0
"190",1,1,2,1,2.0,2.0,3.0,2,1,2,1,1,5.0,4.0,7.0,5.0,8.0,2.0,2,6.0,4.0
"191",1,1,2,3,1.0,1.0,2.0,3,1,1,1,1,6.0,4.0,10.0,3.0,9.0,5.0,1,9.0,9.0
"192",1,1,3,1,2.0,1.0,1.0,3,1,1,1,1,4.0,4.0,8.0,4.0,8.0,4.0,1,6.0,7.0
"193",1,2,2,1,1.0,3.0,2.0,3,1,1,1,1,4.0,4.0,8.0,4.0,8.0,4.0,3,5.0,5.0
"194",1,1,2,1,2.0,2.0,2.0,3,1,1,1,1,6.0,3.0,9.0,4.0,8.0,2.0,2,5.0,4.0
"195",1,2,2,2,2.0,1.0,1.0,4,1,1,1,1,5.0,4.0,7.0,4.0,7.0,4.0,2,5.0,5.0
"196",1,1,3,1,1.0,1.0,2.0,2,1,1,1,2,6.0,4.0,9.0,3.0,9.0,5.0,1,9.0,8.0
"197",1,1,1,1,2.0,2.0,1.0,4,1,2,1,1,5.0,4.0,9.0,4.0,9.0,3.0,1,5.0,5.0
"198",1,2,2,2,2.0,3.0,2.0,3,1,1,1,1,4.0,4.0,9.0,5.0,9.0,4.0,2,7.0,7.0
"199",1,1,2,1,2.0,1.0,1.0,4,1,1,2,2,5.0,4.0,8.0,4.0,8.0,3.0,2,8.0,7.0
"200",1,2,4,1,3.0,3.0,2.0,2,1,1,2,2,3.0,5.0,8.0,5.0,8.0,4.0,2,6.0,6.0
"201",1,1,1,1,1.0,3.0,2.0,2,2,2,1,1,5.0,4.0,9.0,4.0,9.0,4.0,1,5.0,6.0
"202",1,2,3,1,2.0,2.0,1.0,3,1,1,1,1,4.0,3.0,8.0,4.0,8.0,3.0,2,4.0,4.0
"203",1,2,4,2,2.0,2.0,2.0,3,1,2,1,1,6.0,4.0,9.0,4.0,9.0,4.0,2,6.0,7.0
"204",1,1,3,1,1.0,1.0,1.0,3,1,2,1,1,6.0,4.0,9.0,3.0,9.0,4.0,1,6.0,7.0
"205",1,1,2,1,2.0,1.0,2.0,2,2,1,1,1,4.0,4.0,8.0,5.0,8.0,4.0,2,5.0,4.0
"206",1,2,2,2,3.0,4.0,3.0,2,1,2,1,2,6.0,4.0,8.0,6.0,7.0,4.0,1,6.0,5.0
"207",1,2,2,2,2.0,2.0,2.0,3,1,1,2,1,5.0,4.0,8.0,5.0,8.0,3.0,2,4.0,4.0
"208",1,1,3,1,1.0,3.0,1.0,4,1,1,1,1,5.0,5.0,8.0,4.0,9.0,5.0,1,7.0,8.0
"209",1,1,1,1,1.0,2.0,1.0,4,1,2,2,2,6.0,4.0,10.0,4.0,10.0,4.0,1,6.0,7.0
"210",1,1,2,2,2.0,2.0,2.0,3,2,1,2,2,6.0,4.0,9.0,4.0,9.0,4.0,2,6.0,6.0
"211",1,1,3,1,1.0,1.0,2.0,3,1,1,1,1,6.0,4.0,8.0,4.0,8.0,4.0,2,5.0,5.0
"212",1,1,1,1,2.0,2.0,2.0,2,2,1,2,2,5.0,4.0,7.0,6.0,7.0,2.0,2,1.0,2.0
"213",1,2,4,2,1.0,3.0,1.0,4,1,1,2,2,3.0,4.0,8.0,4.0,8.0,5.0,2,6.0,6.0
"214",1,2,3,2,3.0,4.0,2.0,2,1,1,2,2,5.0,3.0,10.0,6.0,8.0,2.0,1,3.0,3.0
"215",1,2,2,1,2.0,3.0,2.0,3,1,1,1,1,3.0,4.0,7.0,4.0,8.0,2.0,1,4.0,4.0
"216",1,1,3,1,1.0,1.0,1.0,4,1,1,1,1,6.0,4.0,10.0,4.0,8.0,4.0,1,5.0,5.0
"217",1,1,3,1,1.0,1.0,2.0,2,2,2,2,1,5.0,2.0,8.0,4.0,8.0,4.0,1,6.0,6.0
"218",1,2,3,1,2.0,1.0,1.0,4,2,1,2,2,6.0,3.0,8.0,5.0,7.0,4.0,2,4.0,4.0
"219",1,1,3,1,3.0,3.0,1.0,4,2,1,1,1,6.0,4.0,10.0,5.0,9.0,4.0,2,8.0,8.0
"220",1,2,4,2,2.0,1.0,2.0,3,1,1,1,1,5.0,4.0,7.0,5.0,7.0,2.0,2,6.0,5.0
"221",1,1,4,2,3.0,1.0,2.0,2,1,2,2,1,6.0,5.0,6.0,7.0,5.0,2.0,3,5.0,3.0
"222",1,1,3,1,2.0,1.0,1.0,3,1,1,1,2,2.0,4.0,7.0,4.0,5.0,5.0,2,5.0,5.0
"223",1,1,3,2,2.0,3.0,2.0,3,2,1,1,1,1.0,4.0,9.0,5.0,9.0,4.0,2,4.0,5.0
"224",1,1,2,1,2.0,1.0,2.0,2,1,1,1,1,6.0,3.0,7.0,5.0,6.0,4.0,2,5.0,5.0
"225",1,2,2,2,1.0,1.0,1.0,3,2,1,1,1,6.0,4.0,7.0,5.0,7.0,4.0,1,6.0,7.0
"226",1,1,2,2,1.0,1.0,2.0,3,1,1,1,1,5.0,5.0,9.0,3.0,8.0,4.0,1,6.0,6.0
"227",1,1,3,1,1.0,1.0,1.0,4,2,1,1,1,6.0,4.0,8.0,3.0,8.0,5.0,1,7.0,7.0
"228",1,1,4,1,1.0,1.0,3.0,2,2,2,1,1,6.0,2.0,9.0,5.0,9.0,4.0,2,3.0,4.0
"229",1,1,2,2,3.0,2.0,3.0,1,2,2,2,2,4.0,3.0,3.0,7.0,4.0,3.0,3,1.0,1.0
"230",1,1,2,2,1.0,1.0,1.0,4,1,2,1,1,4.0,4.0,8.0,3.0,8.0,4.0,1,5.0,6.0
"231",1,2,2,2,2.0,1.0,2.0,2,1,1,1,1,5.0,4.0,8.0,5.0,8.0,3.0,2,4.0,3.0
"232",2,2,4,1,1.0,2.0,1.0,3,1,1,1,1,6.0,5.0,6.0,4.0,7.0,5.0,2,9.0,8.0
"233",1,2,2,2,2.0,1.0,2.0,2,2,1,1,1,5.0,4.0,8.0,4.0,8.0,3.0,2,5.0,5.0
"234",1,2,2,2,1.0,2.0,2.0,3,2,1,2,2,4.0,5.0,8.0,4.0,10.0,4.0,1,8.0,8.0
"235",2,1,3,1,2.0,1.0,1.0,3,1,1,1,2,6.0,5.0,8.0,5.0,7.0,5.0,3,7.0,7.0
"236",1,2,2,2,1.0,2.0,2.0,2,1,1,1,1,5.0,4.0,9.0,4.0,8.0,4.0,2,6.0,6.0
"237",1,1,2,2,2.0,4.0,2.0,2,1,1,2,2,5.0,4.0,8.0,5.0,8.0,3.0,2,4.0,2.0
"238",2,2,2,1,2.0,2.0,1.0,3,1,2,2,2,5.0,3.0,6.0,5.0,10.0,4.0,2,7.0,7.0
"239",1,2,4,1,2.0,2.0,4.0,1,1,1,2,2,6.0,3.0,5.0,5.0,4.0,1.0,2,4.0,2.0
"240",1,2,2,2,2.0,2.0,2.0,2,2,2,2,2,4.0,3.0,7.0,5.0,8.0,4.0,1,5.0,5.0
"241",2,2,4,3,2.0,1.0,2.0,2,1,1,1,2,5.0,3.0,7.0,4.0,8.0,4.0,2,6.0,7.0
"242",2,1,2,3,2.0,1.0,2.0,3,2,2,1,2,5.0,3.0,7.0,5.0,6.0,4.0,2,6.0,6.0
"243",2,2,3,1,3.0,2.0,3.0,1,2,2,2,2,4.0,2.0,3.0,9.0,3.0,4.0,3,2.0,2.0
"244",1,2,3,1,1.0,1.0,2.0,3,1,1,1,1,6.0,4.0,8.0,4.0,9.0,5.0,2,7.0,7.0
"245",1,1,2,2,3.0,2.0,2.0,2,2,2,1,1,6.0,3.0,3.0,8.0,5.0,4.0,3,6.0,4.0
"246",1,2,2,1,1.0,1.0,1.0,4,1,1,1,1,5.0,5.0,9.0,3.0,9.0,3.0,1,7.0,7.0
"247",2,2,2,3,3.0,3.0,3.0,1,2,2,1,1,6.0,3.0,0.0,10.0,2.0,2.0,3,0.0,0.0
"248",1,1,2,1,2.0,1.0,2.0,2,1,1,1,1,6.0,4.0,9.0,4.0,8.0,4.0,3,6.0,6.0
"249",2,2,2,3,2.0,2.0,2.0,3,1,2,1,1,6.0,4.0,6.0,7.0,8.0,4.0,2,6.0,6.0
"250",2,2,4,3,2.0,2.0,2.0,3,2,2,2,2,6.0,3.0,0.0,9.0,2.0,2.0,3,2.0,2.0
"251",1,2,2,2,1.0,2.0,2.0,2,1,2,1,1,5.0,4.0,9.0,4.0,9.0,5.0,1,6.0,7.0
"252",1,1,2,2,1.0,1.0,1.0,3,1,2,1,1,5.0,5.0,9.0,3.0,9.0,5.0,1,8.0,9.0
"253",1,2,2,1,1.0,1.0,1.0,4,1,1,1,1,6.0,5.0,10.0,3.0,10.0,5.0,1,9.0,9.0
"254",1,2,4,2,2.0,1.0,1.0,3,1,2,1,1,5.0,4.0,9.0,4.0,9.0,4.0,2,6.0,6.0
"255",1,2,2,1,2.0,1.0,1.0,3,1,2,2,2,4.0,3.0,7.0,5.0,8.0,3.0,2,3.0,4.0
"256",1,2,2,2,1.0,1.0,1.0,4,1,1,1,1,4.0,5.0,8.0,4.0,7.0,5.0,1,8.0,8.0
"257",1,1,2,2,2.0,3.0,2.0,2,1,1,1,1,5.0,4.0,8.0,5.0,8.0,4.0,2,6.0,5.0
"258",1,2,2,2,3.0,1.0,3.0,2,2,2,2,2,6.0,5.0,9.0,6.0,9.0,5.0,1,9.0,8.0
"259",2,2,1,1,1.0,1.0,1.0,3,1,1,1,1,6.0,5.0,7.0,4.0,5.0,5.0,1,9.0,8.0
"260",1,1,3,1,4.0,3.0,2.0,3,1,2,2,2,6.0,3.0,3.0,10.0,2.0,3.0,3,4.0,3.0
"261",1,2,2,2,2.0,2.0,2.0,2,2,2,1,1,3.0,4.0,7.0,5.0,7.0,3.0,2,5.0,4.0
"262",1,1,2,3,2.0,1.0,4.0,0,2,2,1,1,1.0,4.0,7.0,5.0,9.0,3.0,3,4.0,6.0
"263",1,2,4,1,2.0,1.0,1.0,3,1,1,2,2,6.0,3.0,8.0,5.0,8.0,4.0,2,4.0,5.0
"264",1,2,4,1,1.0,1.0,2.0,3,1,1,1,1,6.0,4.0,9.0,3.0,9.0,2.0,1,6.0,5.0
"265",1,2,4,2,1.0,1.0,1.0,4,1,1,1,1,6.0,5.0,8.0,3.0,8.0,4.0,1,6.0,6.0
"266",1,1,2,2,2.0,2.0,1.0,3,1,2,1,1,5.0,4.0,8.0,4.0,8.0,5.0,2,8.0,8.0
"267",2,2,3,1,1.0,1.0,1.0,4,1,1,1,1,6.0,3.0,5.0,4.0,8.0,5.0,3,9.0,8.0
"268",1,2,3,1,1.0,3.0,1.0,3,2,1,2,2,6.0,3.0,6.0,6.0,9.0,2.0,1,3.0,3.0
"269",1,1,1,1,2.0,1.0,1.0,3,2,1,2,2,3.0,5.0,6.0,5.0,7.0,4.0,3,2.0,3.0
"270",1,1,2,2,3.0,1.0,2.0,3,1,1,1,1,5.0,4.0,5.0,6.0,6.0,2.0,3,2.0,0.0
"271",2,1,3,1,3.0,3.0,3.0,2,1,1,1,1,6.0,2.0,4.0,8.0,5.0,3.0,3,6.0,5.0
"272",2,2,4,3,2.0,4.0,4.0,1,2,2,2,1,6.0,1.0,7.0,8.0,7.0,4.0,3,8.0,6.0
"273",1,1,3,1,2.0,2.0,2.0,2,2,2,2,2,3.0,4.0,6.0,7.0,5.0,3.0,2,3.0,3.0
"274",2,1,2,3,2.0,1.0,1.0,4,1,2,1,1,5.0,3.0,4.0,5.0,7.0,4.0,2,5.0,6.0
"275",1,2,1,1,1.0,1.0,1.0,3,1,1,1,1,6.0,5.0,9.0,3.0,8.0,4.0,1,7.0,7.0
"276",1,2,2,1,3.0,4.0,4.0,0,2,1,1,1,1.0,2.0,5.0,9.0,5.0,1.0,3,0.0,-1.0
"277",1,1,3,1,2.0,2.0,2.0,2,1,1,1,1,6.0,4.0,6.0,6.0,7.0,3.0,2,5.0,4.0
"278",2,1,3,1,3.0,2.0,2.0,3,1,2,1,1,6.0,3.0,1.0,8.0,1.0,1.0,3,4.0,2.0
"279",2,2,2,1,2.0,2.0,2.0,3,2,1,1,1,6.0,4.0,6.0,7.0,8.0,4.0,2,6.0,6.0
"280",1,1,2,1,3.0,2.0,3.0,2,2,2,1,1,6.0,3.0,5.0,6.0,5.0,3.0,2,2.0,2.0
"281",1,1,1,1,1.0,1.0,1.0,3,1,1,2,2,5.0,5.0,8.0,4.0,9.0,4.0,1,5.0,6.0
"282",1,1,3,1,2.0,2.0,2.0,3,1,1,2,2,3.0,4.0,8.0,6.0,7.0,4.0,2,3.0,3.0
"283",1,2,3,2,3.0,4.0,2.0,3,1,1,1,1,6.0,4.0,6.0,6.0,7.0,2.0,2,5.0,4.0
"284",1,1,3,1,2.0,2.0,1.0,4,2,2,1,1,4.0,4.0,9.0,5.0,9.0,4.0,2,4.0,5.0
"285",2,2,4,3,3.0,2.0,2.0,3,1,1,1,1,5.0,2.0,0.0,9.0,0.0,3.0,2,0.0,0.0
"286",1,1,2,1,2.0,1.0,1.0,4,1,1,1,1,4.0,4.0,9.0,4.0,6.0,4.0,1,5.0,5.0
"287",1,2,1,1,1.0,1.0,2.0,3,2,1,1,1,5.0,5.0,9.0,4.0,9.0,4.0,2,6.0,6.0
"288",1,1,3,1,2.0,3.0,2.0,3,2,1,1,1,4.0,4.0,8.0,5.0,9.0,2.0,2,4.0,4.0
"289",1,1,3,1,2.0,3.0,2.0,3,2,1,2,2,5.0,3.0,9.0,6.0,5.0,4.0,3,4.0,4.0
"290",2,1,2,1,2.0,1.0,2.0,3,2,2,1,1,6.0,3.0,6.0,6.0,6.0,2.0,2,5.0,5.0
"291",1,2,2,1,3.0,2.0,3.0,1,2,2,2,2,3.0,5.0,8.0,7.0,8.0,4.0,3,5.0,4.0
"292",1,1,3,1,2.0,1.0,2.0,2,2,1,1,1,5.0,4.0,9.0,4.0,9.0,5.0,2,6.0,6.0
"293",1,2,2,2,2.0,1.0,1.0,4,1,1,1,1,5.0,5.0,9.0,4.0,8.0,5.0,2,7.0,7.0
"294",1,1,4,1,2.0,1.0,2.0,3,2,2,2,2,4.0,3.0,8.0,6.0,8.0,4.0,3,3.0,4.0
"295",1,2,3,2,2.0,4.0,2.0,3,1,2,1,1,4.0,5.0,8.0,6.0,7.0,2.0,2,3.0,3.0
"296",2,2,3,1,1.0,2.0,2.0,3,2,1,1,2,6.0,3.0,6.0,6.0,6.0,4.0,2,5.0,5.0
"297",1,1,2,2,2.0,3.0,2.0,2,1,2,2,2,5.0,4.0,9.0,6.0,9.0,4.0,2,6.0,6.0
"298",1,2,4,2,1.0,3.0,2.0,3,1,1,1,1,5.0,5.0,8.0,5.0,8.0,3.0,2,3.0,3.0
"299",2,2,1,1,2.0,1.0,2.0,2,2,1,1,1,4.0,4.0,8.0,8.0,4.0,3.0,3,0.0,1.0
"300",1,1,1,1,2.0,2.0,2.0,3,1,2,1,1,5.0,5.0,8.0,5.0,8.0,4.0,2,5.0,6.0
"301",1,1,1,1,1.0,1.0,2.0,3,1,2,2,2,5.0,5.0,9.0,4.0,9.0,4.0,1,6.0,6.0
"302",1,1,2,1,2.0,1.0,1.0,4,1,1,1,1,5.0,4.0,9.0,4.0,9.0,4.0,2,6.0,7.0
"303",2,1,4,1,3.0,2.0,2.0,2,2,2,1,1,5.0,2.0,0.0,9.0,2.0,3.0,3,2.0,0.0
"304",2,2,1,2,1.0,2.0,2.0,2,2,1,1,1,6.0,3.0,4.0,5.0,5.0,4.0,2,6.0,5.0
"305",1,2,2,2,3.0,2.0,3.0,2,2,1,1,1,4.0,4.0,8.0,6.0,8.0,4.0,3,4.0,4.0
"306",1,1,2,1,1.0,2.0,2.0,2,1,1,1,2,5.0,4.0,8.0,4.0,9.0,4.0,1,5.0,6.0
"307",2,1,3,1,2.0,2.0,4.0,0,2,2,1,1,3.0,2.0,4.0,8.0,8.0,4.0,1,4.0,5.0
"308",2,2,3,1,4.0,4.0,4.0,0,1,2,2,1,6.0,3.0,0.0,11.0,1.0,3.0,3,2.0,0.0
"309",2,2,4,3,2.0,2.0,2.0,2,2,2,2,1,6.0,4.0,8.0,5.0,9.0,4.0,2,6.0,6.0
"310",2,2,3,1,2.0,3.0,2.0,3,2,2,2,1,4.0,3.0,6.0,7.0,5.0,4.0,2,2.0,3.0
"311",1,2,2,2,2.0,2.0,2.0,3,1,1,2,1,5.0,4.0,8.0,5.0,8.0,5.0,2,7.0,7.0
"312",2,2,3,2,3.0,2.0,3.0,2,1,2,1,1,2.0,2.0,1.0,10.0,2.0,3.0,3,0.0,0.0
"313",2,2,1,1,1.0,2.0,2.0,3,1,1,1,1,6.0,5.0,5.0,5.0,8.0,5.0,1,7.0,8.0
"314",1,1,3,1,2.0,2.0,3.0,1,2,2,2,2,4.0,3.0,4.0,7.0,6.0,4.0,3,5.0,5.0
"315",1,2,2,1,2.0,2.0,2.0,2,1,1,2,2,6.0,4.0,7.0,6.0,8.0,4.0,3,4.0,5.0
"316",2,2,2,3,2.0,3.0,3.0,2,2,2,2,2,5.0,3.0,7.0,7.0,6.0,4.0,2,5.0,5.0
"317",2,2,2,2,2.0,1.0,2.0,2,2,2,2,1,6.0,3.0,7.0,5.0,8.0,5.0,2,7.0,6.0
"318",2,2,3,1,2.0,2.0,2.0,3,2,2,1,2,6.0,1.0,0.0,6.0,6.0,5.0,2,5.0,5.0
"319",2,2,4,2,1.0,1.0,1.0,4,1,1,1,1,6.0,3.0,8.0,4.0,8.0,4.0,1,7.0,7.0
"320",2,1,2,3,2.0,1.0,2.0,2,1,2,1,1,5.0,4.0,4.0,5.0,7.0,5.0,2,5.0,5.0
"321",1,2,4,1,2.0,2.0,2.0,2,2,2,2,2,6.0,4.0,5.0,7.0,4.0,3.0,3,4.0,4.0
"322",2,2,1,1,1.0,1.0,1.0,4,1,1,2,2,6.0,4.0,10.0,4.0,10.0,5.0,1,10.0,10.0
"323",1,1,2,2,2.0,3.0,4.0,0,1,1,1,1,6.0,5.0,10.0,4.0,10.0,2.0,1,6.0,6.0
"324",2,2,4,3,1.0,1.0,2.0,2,1,2,1,1,6.0,4.0,10.0,4.0,10.0,5.0,2,10.0,9.0
"325",2,2,4,1,2.0,2.0,3.0,2,2,2,2,1,6.0,3.0,8.0,6.0,7.0,3.0,2,4.0,4.0
"326",1,1,2,1,2.0,2.0,2.0,3,1,2,1,2,4.0,5.0,8.0,5.0,8.0,3.0,2,3.0,4.0
"327",1,1,4,1,2.0,2.0,1.0,4,2,1,2,2,6.0,3.0,10.0,4.0,9.0,5.0,1,7.0,7.0
"328",1,2,4,3,2.0,1.0,2.0,2,1,1,1,1,5.0,5.0,8.0,4.0,8.0,3.0,2,6.0,5.0
"329",1,2,2,1,2.0,1.0,1.0,3,2,2,1,1,3.0,4.0,7.0,5.0,8.0,4.0,2,5.0,6.0
"330",2,2,3,2,2.0,2.0,2.0,3,1,2,1,1,5.0,3.0,7.0,7.0,6.0,4.0,3,3.0,3.0
"331",1,2,1,1,2.0,2.0,1.0,4,1,1,1,1,5.0,4.0,7.0,5.0,7.0,4.0,3,5.0,5.0
"332",2,2,4,3,2.0,1.0,2.0,2,1,1,2,2,6.0,4.0,8.0,4.0,9.0,5.0,1,8.0,8.0
"333",1,1,2,1,1.0,3.0,2.0,3,1,1,1,1,6.0,4.0,10.0,3.0,10.0,5.0,1,10.0,10.0
"334",1,2,2,2,1.0,2.0,1.0,3,2,1,1,1,3.0,5.0,8.0,4.0,8.0,4.0,1,5.0,6.0
"335",1,2,2,1,3.0,3.0,3.0,2,2,2,1,1,6.0,4.0,6.0,10.0,6.0,2.0,3,0.0,-1.0
"336",2,2,4,2,1.0,2.0,1.0,4,2,1,1,1,6.0,3.0,6.0,5.0,9.0,4.0,3,9.0,8.0
"337",1,1,2,1,2.0,1.0,2.0,2,2,2,1,1,3.0,5.0,7.0,5.0,7.0,4.0,2,5.0,5.0
"338",2,2,1,1,1.0,2.0,3.0,1,1,2,1,2,6.0,4.0,6.0,5.0,7.0,4.0,1,7.0,7.0
"339",1,1,2,1,2.0,2.0,2.0,2,2,1,1,1,5.0,3.0,8.0,4.0,8.0,4.0,2,6.0,6.0
"340",2,1,3,3,1.0,1.0,2.0,3,2,1,1,2,6.0,4.0,4.0,5.0,8.0,4.0,1,7.0,7.0
"341",2,2,4,3,3.0,1.0,2.0,2,1,1,1,1,6.0,2.0,2.0,7.0,2.0,1.0,3,3.0,1.0
"342",1,2,4,1,2.0,2.0,2.0,2,1,1,1,1,6.0,5.0,8.0,4.0,10.0,3.0,1,6.0,5.0
"343",2,1,2,2,1.0,3.0,2.0,3,1,1,1,2,6.0,3.0,4.0,5.0,4.0,4.0,1,7.0,6.0
"344",1,1,1,1,2.0,2.0,1.0,3,1,1,1,1,4.0,4.0,8.0,4.0,8.0,4.0,2,4.0,5.0
"345",2,2,4,1,2.0,3.0,2.0,2,1,2,1,1,5.0,4.0,6.0,7.0,7.0,4.0,2,4.0,4.0
"346",2,2,2,2,3.0,4.0,3.0,1,2,1,2,2,3.0,3.0,0.0,10.0,0.0,2.0,3,-2.0,0.0
"347",2,2,2,2,3.0,3.0,2.0,3,2,2,2,2,6.0,3.0,0.0,8.0,5.0,3.0,3,3.0,2.0
"348",1,2,2,2,2.0,1.0,3.0,1,1,2,1,1,4.0,4.0,7.0,6.0,7.0,2.0,3,2.0,2.0
"349",1,1,2,1,2.0,1.0,2.0,2,2,1,2,2,4.0,4.0,8.0,6.0,9.0,2.0,3,3.0,2.0
"350",1,2,2,1,3.0,3.0,2.0,2,2,1,1,1,4.0,3.0,7.0,8.0,7.0,4.0,3,4.0,4.0
